{
  "units": {
    "1": [
      "Lulu", "Rumble", "Illaoi", "Briar", "Jarvan IV", "Sona", "Anivia",
      "Caitlyn", "Shen", "Kog'Maw", "Jhin", "Viego", "Blitzcrank", "Qiyana"
    ],
    "2": [
      "Tristana", "Teemo", "Twisted Fate", "Sion", "Aphelios", "Ashe", "Neeko",
      "Vi", "Yasuo", "Rek'Sai", "Cho'Gath", "Poppy", "Tryndamere", "Graves",
      "Ekko", "Xin Zhao", "Yorick", "Bard", "Orianna"
    ],
    "3": [
      "Nautilus", "Gangplank", "Draven", "Zoe", "Leona", "Milio", "Jinx",
      "Ahri", "Malzahar", "Vayne", "Sejuani", "Darius", "Kennen", "Gwen",
      "LeBlanc", "Loris", "Dr. Mundo", "Kobuko"
    ]
  },
  "championBis": {
    "Baron Nashor": ["bt", "ie", "sterak"],
    "Ryze": ["shojin", "jg", "void"],
    "Ziggs": ["guinsoo", "jg", "void"],
    "Brock": ["bt", "ie", "sterak"],
    "Sylas": ["jg", "bt", "hoj"],
    "Kindred": ["guinsoo", "runaan", "ie"],
    "Volibear": ["bt", "sterak", "titans"],
    "Tahm Kench": ["redemption", "bt", "chalice"],
    "Fiddlesticks": ["thieves", "jg", "morello"],
    "Lucian et Senna": ["ie", "shojin", "guinsoo"],
    "Shyvana": ["thieves", "bt", "sterak"],
    "Ornn": ["thieves", "gargoyle", "warmog"],
    "Zilean": ["shojin", "void", "jg"],
    "Sett": ["jg", "hoj", "thieves"],
    "Xerath": ["shojin", "jg", "archangel"],
    "Zaahen": ["titans", "bt", "sterak"],
    "Mel": ["shroud", "shojin", "jg"],
    "Annie": ["shojin", "void", "shroud"],
    "Tibbers": ["gargoyle", "warmog", "chalice"],
    "Yunara": ["guinsoo", "ie", "runaan"],
    "Kai'Sa": ["guinsoo", "jg", "statikk"],
    "Renekton": ["bt", "sterak", "titans"],
    "Veigar": ["dcap", "shojin", "bluebuff"],
    "Miss Fortune": ["ie", "shojin", "lw"],
    "Yone": ["bt", "guinsoo", "titans"],
    "Azir": ["guinsoo", "jg", "statikk"],
    "Bel'Veth": ["bt", "qss", "guinsoo"],
    "Lissandra": ["shojin", "jg", "void"],
    "Lux": ["jg", "shojin", "void"],
    "Garen": ["chalice", "warmog", "gargoyle"],
    "Séraphine": ["jg", "shojin", "nashors"],
    "Nidalee": ["jg", "hoj", "bt"],
    "Héraut de la Faille": ["chalice", "gargoyle", "sunfire"],
    "Skarner": ["gargoyle", "warmog", "chalice"],
    "Kalista": ["shojin", "lw", "scourge"],
    "Fizz": ["jg", "dcap", "hoj"],
    "Taric": ["gargoyle", "warmog", "sunfire"],
    "Wukong": ["sunfire", "gargoyle", "chalice"],
    "Gangplank": ["hoj", "sterak", "qss"],
    "Vayne": ["guinsoo", "ie", "lw"],
    "Dr. Mundo": ["chalice", "gargoyle", "warmog"],
    "Kennen": ["sunfire", "gargoyle", "warmog"],
    "LeBlanc": ["jg", "shojin", "void"],
    "Nautilus": ["gargoyle", "sunfire", "linceul"],
    "Milio": ["shojin", "jg", "void"],
    "Kobuko": ["thieves", "warmog", "gargoyle"],
    "Graves": ["qss", "ie", "gs"],
    "Yasuo": ["ie", "hoj", "nightmantle"],
    "Ekko": ["bt", "titans", "guinsoo"],
    "Bard": ["jg", "shojin", "archangel"],
    "Rek'Sai": ["bt", "hoj", "sterak"],
    "Aatrox": ["bt", "hoj", "titans"],
    "Sona": ["archangel", "jg", "nashors"],
    "Viego": ["bt", "titans", "nightmantle"]
  }
}
